{
  "deals": [
    {
      "dealId": "ESC001",
      "title": "iPhone 15 Pro Max - 256GB",
      "description": "Brand new sealed iPhone 15 Pro Max, 256GB, Space Black. Includes original box, charger, and 1-year Apple warranty.",
      "amount": 145000,
      "platformFee": 2900,
      "totalAmount": 147900,
      "timeline": "3 days",
      "deadline": "2026-02-07",
      "buyerId": 1,
      "sellerId": 2,
      "buyerName": "John Kamau",
      "sellerName": "Sarah Mburu",
      "status": "in-progress",
      "createdDate": "2026-02-04",
      "paidDate": "2026-02-04",
      "photo": "iphone-deal.jpg",
      "category": "Electronics"
    },
    {
      "dealId": "ESC002",
      "title": "MacBook Pro 2024 - 16GB RAM",
      "description": "MacBook Pro 14-inch 2024, M3 chip, 16GB RAM, 512GB SSD. Perfect condition, used for 3 months only.",
      "amount": 180000,
      "platformFee": 3600,
      "totalAmount": 183600,
      "timeline": "2 days",
      "deadline": "2026-02-06",
      "buyerId": 1,
      "sellerId": 4,
      "buyerName": "John Kamau",
      "sellerName": "Grace Wanjiku",
      "status": "pending-acceptance",
      "createdDate": "2026-02-03",
      "paidDate": null,
      "photo": "macbook-deal.jpg",
      "category": "Electronics"
    },
    {
      "dealId": "ESC003",
      "title": "Professional Business Website",
      "description": "5-page professional business website with contact form, gallery, and mobile responsive design. Includes 1 year hosting and domain setup.",
      "amount": 35000,
      "platformFee": 700,
      "totalAmount": 35700,
      "timeline": "10 days",
      "deadline": "2026-02-14",
      "buyerId": 3,
      "sellerId": 2,
      "buyerName": "David Ochieng",
      "sellerName": "Sarah Mburu",
      "status": "pending-payment",
      "createdDate": "2026-02-04",
      "paidDate": null,
      "photo": null,
      "category": "Services"
    },
    {
      "dealId": "ESC004",
      "title": "Honda CB 250cc Motorbike",
      "description": "Well-maintained Honda CB 250cc, 2022 model. Only 8,000km on the odometer. Clean documents and up-to-date insurance.",
      "amount": 285000,
      "platformFee": 5700,
      "totalAmount": 290700,
      "timeline": "5 days",
      "deadline": "2026-01-28",
      "buyerId": 5,
      "sellerId": 4,
      "buyerName": "Peter Mutua",
      "sellerName": "Grace Wanjiku",
      "status": "completed",
      "createdDate": "2026-01-22",
      "paidDate": "2026-01-22",
      "completedDate": "2026-01-27",
      "photo": "motorbike-deal.jpg",
      "category": "Vehicles"
    },
    {
      "dealId": "ESC005",
      "title": "Samsung 55\" 4K Smart TV",
      "description": "Samsung 55-inch 4K UHD Smart TV, 2023 model. Excellent condition with wall mount included.",
      "amount": 65000,
      "platformFee": 1300,
      "totalAmount": 66300,
      "timeline": "4 days",
      "deadline": "2026-01-20",
      "buyerId": 1,
      "sellerId": 5,
      "buyerName": "John Kamau",
      "sellerName": "Peter Mutua",
      "status": "completed",
      "createdDate": "2026-01-15",
      "paidDate": "2026-01-15",
      "completedDate": "2026-01-19",
      "photo": "tv-deal.jpg",
      "category": "Electronics"
    },
    {
      "dealId": "ESC006",
      "title": "Freelance Logo Design Package",
      "description": "Professional logo design with 3 concepts, unlimited revisions, and source files (AI, PSD, PNG, SVG).",
      "amount": 12000,
      "platformFee": 240,
      "totalAmount": 12240,
      "timeline": "5 days",
      "deadline": "2026-02-08",
      "buyerId": 3,
      "sellerId": 5,
      "buyerName": "David Ochieng",
      "sellerName": "Peter Mutua",
      "status": "disputed",
      "createdDate": "2026-02-02",
      "paidDate": "2026-02-02",
      "disputeRaised": "2026-02-05",
      "disputeReason": "Designs not matching agreed specifications",
      "photo": null,
      "category": "Services"
    }
  ]
}
